EM,MW,NE,NW,SW
EM_11549_NW.jpg,MW_10680_NW.jpg,NE_13656_NW.jpg,NW_10423_NW.jpg,SW_10026_NW.jpg
EM_11652_NW.jpg,MW_11394_NW.jpg,NE_13660_NW.jpg,NW_10423_SE.jpg,SW_10026_SE.jpg
EM_11652_SE.jpg,MW_11394_SE.jpg,NE_13668_SE.jpg,NW_12750_NW.jpg,SW_10081_NW.jpg
EM_13070_NW.jpg,MW_11414_NW.jpg,NE_15748_NW.jpg,NW_12750_SE.jpg,SW_10081_SE.jpg
EM_13070_SE.jpg,MW_11414_SE.jpg,NE_15748_SE.jpg,NW_12992_NW.jpg,SW_10763_SE.jpg
EM_13216_NW.jpg,MW_11454_NW.jpg,NE_15756_NW.jpg,NW_12992_SE.jpg,SW_11200_NW.jpg
EM_13216_SE.jpg,MW_11482_NW.jpg,NE_15756_SE.jpg,NW_13080_NW.jpg,SW_11200_SE.jpg
EM_13790_NW.jpg,MW_11482_SE.jpg,NE_18653_NW.jpg,NW_13080_SE.jpg,SW_11284_NW.jpg
EM_13790_SE.jpg,MW_12263_NW.jpg,NE_21430_NW.jpg,NW_13097_NW.jpg,SW_11292_NW.jpg
EM_14369_NW.jpg,MW_12263_SE.jpg,NE_21430_SE.jpg,NW_13097_SE.jpg,SW_11292_SE.jpg
EM_14369_SE.jpg,MW_12408_NW.jpg,NE_21454_NW.jpg,NW_15620_NW.jpg,SW_11705_NW.jpg
EM_15980_SE.jpg,MW_12432_NW.jpg,NE_21454_SE.jpg,NW_15666_SE.jpg,SW_13209_NW.jpg
EM_16106_NW.jpg,MW_12562_SE.jpg,NE_21455_NW.jpg,NW_15677_NW.jpg,SW_1486_NW.jpg
EM_16812_NW.jpg,MW_14086_NW.jpg,NE_21455_SE.jpg,NW_15677_SE.jpg,SW_19167_SE.jpg
EM_16878_SE.jpg,MW_14440_NW.jpg,NE_22222_NW.jpg,NW_17302_NW.jpg,SW_22419_NW.jpg
EM_17072_NW.jpg,MW_14440_SE.jpg,NE_22222_SE.jpg,NW_17302_SE.jpg,SW_22419_SE.jpg
EM_17072_SE.jpg,MW_15541_NW.jpg,NE_22229_SE.jpg,NW_19683_NW.jpg,SW_23708_NW.jpg
EM_17641_NW.jpg,MW_20455_SE.jpg,NE_22873_NW.jpg,NW_19683_SE.jpg,SW_23708_SE.jpg
EM_17641_SE.jpg,MW_21148_SE.jpg,NE_22873_SE.jpg,NW_19728_NW.jpg,SW_25033_SE.jpg
EM_18561_NW.jpg,MW_21482_NW.jpg,NE_22877_NW.jpg,NW_19756_NW.jpg,SW_258_SE.jpg
EM_18561_SE.jpg,MW_21530_NW.jpg,NE_22877_SE.jpg,NW_19756_SE.jpg,SW_25937_SE.jpg
EM_20837_NW.jpg,MW_21561_SE.jpg,NE_22885_NW.jpg,NW_20393_NW.jpg,SW_26019_NW.jpg
EM_20853_SE.jpg,MW_217_NW.jpg,NE_22885_SE.jpg,NW_20393_SE.jpg,SW_26019_SE.jpg
EM_23185_SE.jpg,MW_217_SE.jpg,NE_23905_NW.jpg,NW_20683_NW.jpg,SW_26428_NW.jpg
EM_23194_SE.jpg,MW_2520_NW.jpg,NE_23905_SE.jpg,NW_20683_SE.jpg,SW_26917_NW.jpg
EM_23204_NW.jpg,MW_2537_NW.jpg,NE_23948_NW.jpg,NW_22811_NW.jpg,SW_26917_SE.jpg
EM_23204_SE.jpg,MW_2537_SE.jpg,NE_23948_SE.jpg,NW_22811_SE.jpg,SW_26940_NW.jpg
EM_25644_NW.jpg,MW_253_NW.jpg,NE_23952_NW.jpg,NW_23842_NW.jpg,SW_26940_SE.jpg
EM_25644_SE.jpg,MW_253_SE.jpg,NE_23953_NW.jpg,NW_24832_NW.jpg,SW_27275_NW.jpg
EM_2735_NW.jpg,MW_2573_NW.jpg,NE_23953_SE.jpg,NW_24832_SE.jpg,SW_27275_SE.jpg
EM_2753_NW.jpg,MW_2573_SE.jpg,NE_23954_NW.jpg,NW_24841_NW.jpg,SW_27289_NW.jpg
EM_2753_SE.jpg,MW_27628_SE.jpg,NE_23954_SE.jpg,NW_24843_SE.jpg,SW_27289_SE.jpg
EM_29267_NW.jpg,MW_27644_NW.jpg,NE_25561_NW.jpg,NW_24905_NW.jpg,SW_27924_NW.jpg
EM_29267_SE.jpg,MW_27651_SE.jpg,NE_25561_SE.jpg,NW_24905_SE.jpg,SW_28034_SE.jpg
EM_30062_NW.jpg,MW_27814_NW.jpg,NE_27812_NW.jpg,NW_25461_SE.jpg,SW_2849_NW.jpg
EM_30062_SE.jpg,MW_27814_SE.jpg,NE_27812_SE.jpg,NW_25551_NW.jpg,SW_2849_SE.jpg
EM_3184_NW.jpg,MW_28283_NW.jpg,NE_32890_NW.jpg,NW_25551_SE.jpg,SW_29449_SE.jpg
EM_3184_SE.jpg,MW_29360_NW.jpg,NE_32890_SE.jpg,NW_27142_NW.jpg,SW_30158_NW.jpg
EM_31957_NW.jpg,MW_32324_SE.jpg,NE_32894_NW.jpg,NW_28426_NW.jpg,SW_31061_NW.jpg
EM_3197_NW.jpg,MW_37468_NW.jpg,NE_32894_SE.jpg,NW_28426_SE.jpg,SW_31061_SE.jpg
EM_3197_SE.jpg,MW_37468_SE.jpg,NE_32943_NW.jpg,NW_28457_SE.jpg,SW_31321_SE.jpg
EM_32387_SE.jpg,MW_37537_NW.jpg,NE_32943_SE.jpg,NW_28470_NW.jpg,SW_322_SE.jpg
EM_3394_NW.jpg,MW_37537_SE.jpg,NE_32952_NW.jpg,NW_28537_NW.jpg,SW_32540_NW.jpg
EM_3451_NW.jpg,MW_37547_NW.jpg,NE_32970_NW.jpg,NW_28537_SE.jpg,SW_32797_NW.jpg
EM_35944_NW.jpg,MW_38972_NW.jpg,NE_32970_SE.jpg,NW_28591_NW.jpg,SW_32797_SE.jpg
EM_35944_SE.jpg,MW_38972_SE.jpg,NE_32972_NW.jpg,NW_28591_SE.jpg,SW_32857_SE.jpg
EM_36449_NW.jpg,MW_38990_NW.jpg,NE_32972_SE.jpg,NW_29757_NW.jpg,SW_36635_SE.jpg
EM_37228_NW.jpg,MW_38990_SE.jpg,NE_32976_SE.jpg,NW_29757_SE.jpg,SW_37289_NW.jpg
EM_38103_NW.jpg,MW_3934_NW.jpg,NE_33002_NW.jpg,NW_29779_SE.jpg,SW_37289_SE.jpg
EM_38103_SE.jpg,MW_3934_SE.jpg,NE_33011_SE.jpg,NW_29785_NW.jpg,SW_37338_NW.jpg
EM_38846_NW.jpg,MW_3949_NW.jpg,NE_33018_SE.jpg,NW_29785_SE.jpg,SW_37338_SE.jpg
EM_38846_SE.jpg,MW_39969_NW.jpg,NE_33027_SE.jpg,NW_29877_NW.jpg,SW_37363_NW.jpg
EM_38898_SE.jpg,MW_40061_SE.jpg,NE_33091_NW.jpg,NW_29903_SE.jpg,SW_37363_SE.jpg
EM_39087_NW.jpg,MW_40070_NW.jpg,NE_33142_NW.jpg,NW_30562_NW.jpg,SW_37924_SE.jpg
EM_39423_NW.jpg,MW_40094_NW.jpg,NE_33142_SE.jpg,NW_32049_NW.jpg,SW_38614_NW.jpg
EM_39423_SE.jpg,MW_40094_SE.jpg,NE_33378_NW.jpg,NW_32049_SE.jpg,SW_38792_SE.jpg
EM_43096_NW.jpg,MW_44186_SE.jpg,NE_33378_SE.jpg,NW_32082_SE.jpg,SW_39359_NW.jpg
EM_43300_NW.jpg,MW_4655_NW.jpg,NE_33380_NW.jpg,NW_32152_NW.jpg,SW_4012_NW.jpg
EM_43747_NW.jpg,MW_4679_SE.jpg,NE_33380_SE.jpg,NW_32152_SE.jpg,SW_4012_SE.jpg
EM_43773_SE.jpg,MW_48199_NW.jpg,NE_3473_NW.jpg,NW_34135_NW.jpg,SW_408_NW.jpg
EM_43795_NW.jpg,MW_48199_SE.jpg,NE_3473_SE.jpg,NW_34135_SE.jpg,SW_41244_SE.jpg
EM_43869_SE.jpg,MW_49845_NW.jpg,NE_36936_SE.jpg,NW_36541_SE.jpg,SW_41743_NW.jpg
EM_44422_SE.jpg,MW_49845_SE.jpg,NE_37585_NW.jpg,NW_3692_SE.jpg,SW_41743_SE.jpg
EM_44496_NW.jpg,MW_49897_SE.jpg,NE_37585_SE.jpg,NW_38469_NW.jpg,SW_43896_NW.jpg
EM_46831_NW.jpg,MW_49961_NW.jpg,NE_37603_NW.jpg,NW_40718_NW.jpg,SW_43896_SE.jpg
EM_46831_SE.jpg,MW_49991_NW.jpg,NE_37615_NW.jpg,NW_4109_NW.jpg,SW_45002_NW.jpg
EM_47429_NW.jpg,MW_49991_SE.jpg,NE_37615_SE.jpg,NW_4251_NW.jpg,SW_47664_NW.jpg
EM_47429_SE.jpg,MW_51123_NW.jpg,NE_37630_NW.jpg,NW_4251_SE.jpg,SW_47664_SE.jpg
EM_47582_NW.jpg,MW_51136_NW.jpg,NE_37630_SE.jpg,NW_4259_NW.jpg,SW_47694_NW.jpg
EM_51172_SE.jpg,MW_51136_SE.jpg,NE_37650_NW.jpg,NW_45667_SE.jpg,SW_47694_SE.jpg
EM_51176_SE.jpg,MW_51158_NW.jpg,NE_37657_SE.jpg,NW_46640_NW.jpg,SW_49107_SE.jpg
EM_55_SE.jpg,MW_51781_NW.jpg,NE_37674_NW.jpg,NW_46640_SE.jpg,SW_49191_NW.jpg
EM_5706_SE.jpg,MW_5472_NW.jpg,NE_37674_SE.jpg,NW_47170_NW.jpg,SW_49191_SE.jpg
EM_8678_NW.jpg,MW_5472_SE.jpg,NE_37686_NW.jpg,NW_47170_SE.jpg,SW_49278_NW.jpg
EM_8917_SE.jpg,MW_6428_NW.jpg,NE_37686_SE.jpg,NW_47197_NW.jpg,SW_50708_NW.jpg
,MW_6428_SE.jpg,NE_37703_NW.jpg,NW_47197_SE.jpg,SW_50708_SE.jpg
,MW_6635_NW.jpg,NE_37725_SE.jpg,NW_48886_SE.jpg,SW_50907_SE.jpg
,MW_6669_NW.jpg,NE_37732_NW.jpg,NW_48890_NW.jpg,SW_51397_NW.jpg
,MW_6669_SE.jpg,NE_37742_SE.jpg,NW_48890_SE.jpg,SW_51397_SE.jpg
,MW_7676_NW.jpg,NE_37754_NW.jpg,NW_50250_NW.jpg,SW_5772_SE.jpg
,MW_7676_SE.jpg,NE_37754_SE.jpg,NW_50250_SE.jpg,SW_6446_NW.jpg
,MW_8021_NW.jpg,NE_37775_SE.jpg,NW_50263_NW.jpg,SW_6446_SE.jpg
,MW_9165_NW.jpg,NE_37799_NW.jpg,NW_50263_SE.jpg,SW_6554_NW.jpg
,MW_9165_SE.jpg,NE_37829_SE.jpg,NW_50267_NW.jpg,SW_6554_SE.jpg
,MW_9517_SE.jpg,NE_37830_SE.jpg,NW_50267_SE.jpg,SW_7708_NW.jpg
,,NE_37869_SE.jpg,NW_8967_NW.jpg,SW_7752_NW.jpg
,,NE_37874_SE.jpg,NW_8967_SE.jpg,SW_785_SE.jpg
,,NE_37891_SE.jpg,,SW_8263_SE.jpg
,,NE_38010_SE.jpg,,SW_8732_NW.jpg
,,NE_38047_NW.jpg,,SW_8732_SE.jpg
,,NE_38047_SE.jpg,,SW_9629_SE.jpg
,,NE_39140_NW.jpg,,SW_9717_NW.jpg
,,NE_39140_SE.jpg,,SW_9717_SE.jpg
,,NE_39143_NW.jpg,,
,,NE_39143_SE.jpg,,
,,NE_39152_SE.jpg,,
,,NE_39157_NW.jpg,,
,,NE_39157_SE.jpg,,
,,NE_39158_SE.jpg,,
,,NE_39650_NW.jpg,,
,,NE_39650_SE.jpg,,
,,NE_47627_NW.jpg,,
,,NE_47627_SE.jpg,,
,,NE_47653_NW.jpg,,
,,NE_47653_SE.jpg,,
,,NE_47655_NW.jpg,,
,,NE_47655_SE.jpg,,
,,NE_47656_NW.jpg,,
,,NE_47656_SE.jpg,,
,,NE_47660_NW.jpg,,
,,NE_47660_SE.jpg,,
,,NE_48019_SE.jpg,,
,,NE_48022_NW.jpg,,
,,NE_48022_SE.jpg,,
,,NE_48033_NW.jpg,,
,,NE_48033_SE.jpg,,
,,NE_48721_NW.jpg,,
,,NE_48721_SE.jpg,,
,,NE_8315_NW.jpg,,
,,NE_8315_SE.jpg,,